{
    "68c35c198b8b18c0c707ffa0": "smallTrophies",
    "68c35c198b8b18c0c707ffa1": "bigTrophies",
    "68c35c198b8b18c0c707ffa2": "bigTrophies",
    "68c35c198b8b18c0c707ffa3": "bigTrophies",
    "68c35c198b8b18c0c707ffa4": "bigTrophies",
    "68c35c198b8b18c0c707ffa5": "bigTrophies",
    "68c35c198b8b18c0c707ffa6": "bigTrophies",
    "68c35c198b8b18c0c707ffa7": "bigTrophies",
    "68c35c198b8b18c0c707ffa8": "bigTrophies",
    "68c35c198b8b18c0c707ffa9": "bigTrophies",
    "68c35c198b8b18c0c707ffaa": "bigTrophies",
    "68c35c198b8b18c0c707ffab": "bigTrophies"
}