{
    "68c35c198b8b18c0c707ffa0": {
        "addtoHallofFame": true,
        "itemSize": "smallTrophies"
    },
    "68c35c198b8b18c0c707ffa1": {
        "addtoHallofFame": true,
        "itemSize": "bigTrophies"
    },
    "68c35c198b8b18c0c707ffa2": {
        "addtoHallofFame": true,
        "itemSize": "bigTrophies"
    },
    "68c35c198b8b18c0c707ffa3": {
        "addtoHallofFame": true,
        "itemSize": "bigTrophies"
    },
    "68c35c198b8b18c0c707ffa4": {
        "addtoHallofFame": true,
        "itemSize": "bigTrophies"
    },
    "68c35c198b8b18c0c707ffa5": {
        "addtoHallofFame": true,
        "itemSize": "bigTrophies"
    },
    "68c35c198b8b18c0c707ffa6": {
        "addtoHallofFame": true,
        "itemSize": "bigTrophies"
    },
    "68c35c198b8b18c0c707ffa7": {
        "addtoHallofFame": true,
        "itemSize": "bigTrophies"
    },
    "68c35c198b8b18c0c707ffa8": {
        "addtoHallofFame": true,
        "itemSize": "bigTrophies"
    },
    "68c35c198b8b18c0c707ffa9": {
        "addtoHallofFame": true,
        "itemSize": "bigTrophies"
    },
    "68c35c198b8b18c0c707ffaa": {
        "addtoHallofFame": true,
        "itemSize": "bigTrophies"
    },
    "68c35c198b8b18c0c707ffab": {
        "addtoHallofFame": true,
        "itemSize": "bigTrophies"
    }
}