{
    "68c35c198b8b18c0c707ffa0": {
        "handbookParentId": "57864a3d24597754843f8721",
        "locales": {
            "en": {
                "name": "20-Carat Diamond",
                "shortName": "Diamond",
                "description": "A rare and flawless 20-carat diamond, highly valuable and sought after by collectors and traders alike."
            }
        },
        "fleaPriceRoubles": 12000000,
        "handbookPriceRoubles": 12000000,
        "newItem": {
            "_id": "68c35c198b8b18c0c707ffa0",
            "_name": "tarkov_collectibles_diamond",
            "_parent": "57864a3d24597754843f8721",
            "_type": "Item",
            "_props": {
                "Prefab": {
                    "path": "TarkovCollectibles/tarkov_collectibles_diamond.bundle",
                    "rcid": ""
                },
                "Name": "20-Carat Diamond",
                "ShortName": "Diamond",
                "Description": "A rare and flawless 20-carat diamond, highly valuable and sought after by collectors and traders alike.",
                "Weight": 0.004,
                "Width": 1,
                "Height": 1,
                "CanSellOnRagfair": false,
                "ExaminedByDefault": false,
                "ExamineTime": 1,
                "ExamineExperience": 100,
                "LootExperience": 100,
                "ItemSound": "jewelry",
                "BackgroundColor": "red",
                "AnimationVariantsNumber": 0,
                "CanRequireOnRagfair": false,
                "ConflictingItems": [],
                "DiscardLimit": 0,
                "DiscardingBlock": false,
                "DropSoundType": "None",
                "ExtraSizeForceAdd": false,
                "ExtraSizeDown": 0,
                "ExtraSizeLeft": 0,
                "ExtraSizeRight": 0,
                "ExtraSizeUp": 0,
                "HideEntrails": false,
                "InsuranceDisabled": false,
                "IsAlwaysAvailableForInsurance": false,
                "IsLockedafterEquip": false,
                "IsSecretExitRequirement": false,
                "IsSpecialSlotOnly": false,
                "IsUnbuyable": false,
                "IsUndiscardable": false,
                "IsUngivable": false,
                "IsUnremovable": false,
                "IsUnsaleable": false,
                "MaxResource": 0,
                "MergesWithChildren": false,
                "NotShownInSlot": false,
                "QuestItem": false,
                "QuestStashMaxCount": 0,
                "RagFairCommissionModifier": 1,
                "RarityPvE": "Superrare",
                "RepairCost": 0,
                "RepairSpeed": 0,
                "Resource": 0,
                "StackMaxSize": 1,
                "StackObjectsCount": 1,
                "Unlootable": false,
                "UnlootableFromSide": [],
                "UnlootableFromSlot": "FirstPrimaryWeapon",
                "UsePrefab": {
                    "path": "",
                    "rcid": ""
                }
            }
        }
    },
    "68c35c198b8b18c0c707ffa1": {
        "handbookParentId": "57864a3d24597754843f8721",
        "locales": {
            "en": {
                "name": "999.9 Gold Bar",
                "shortName": "GoldBar",
                "description": "A standard 1kg pure gold bar with a purity of 999.9."
            }
        },
        "fleaPriceRoubles": 1200000,
        "handbookPriceRoubles": 1200000,
        "newItem": {
            "_id": "68c35c198b8b18c0c707ffa1",
            "_name": "tarkov_collectibles_gold_bar",
            "_parent": "57864a3d24597754843f8721",
            "_type": "Item",
            "_props": {
                "Prefab": {
                    "path": "TarkovCollectibles/tarkov_collectibles_gold_bar.bundle",
                    "rcid": ""
                },
                "Name": "999.9 Gold Bar",
                "ShortName": "GoldBar",
                "Description": "A standard 1kg pure gold bar with a purity of 999.9.",
                "Weight": 1,
                "Width": 1,
                "Height": 2,
                "CanSellOnRagfair": false,
                "ExaminedByDefault": false,
                "ExamineTime": 1,
                "ExamineExperience": 100,
                "LootExperience": 100,
                "ItemSound": "jewelry",
                "BackgroundColor": "red",
                "AnimationVariantsNumber": 0,
                "CanRequireOnRagfair": false,
                "ConflictingItems": [],
                "DiscardLimit": 0,
                "DiscardingBlock": false,
                "DropSoundType": "None",
                "ExtraSizeForceAdd": false,
                "ExtraSizeDown": 0,
                "ExtraSizeLeft": 0,
                "ExtraSizeRight": 0,
                "ExtraSizeUp": 0,
                "HideEntrails": false,
                "InsuranceDisabled": false,
                "IsAlwaysAvailableForInsurance": false,
                "IsLockedafterEquip": false,
                "IsSecretExitRequirement": false,
                "IsSpecialSlotOnly": false,
                "IsUnbuyable": false,
                "IsUndiscardable": false,
                "IsUngivable": false,
                "IsUnremovable": false,
                "IsUnsaleable": false,
                "MaxResource": 0,
                "MergesWithChildren": false,
                "NotShownInSlot": false,
                "QuestItem": false,
                "QuestStashMaxCount": 0,
                "RagFairCommissionModifier": 1,
                "RarityPvE": "Superrare",
                "RepairCost": 0,
                "RepairSpeed": 0,
                "Resource": 0,
                "StackMaxSize": 1,
                "StackObjectsCount": 1,
                "Unlootable": false,
                "UnlootableFromSide": [],
                "UnlootableFromSlot": "FirstPrimaryWeapon",
                "UsePrefab": {
                    "path": "",
                    "rcid": ""
                }
            }
        }
    },
    "68c35c198b8b18c0c707ffa2": {
        "handbookParentId": "57864a3d24597754843f8721",
        "locales": {
            "en": {
                "name": "Gold Clock",
                "shortName": "GoldClock",
                "description": "A luxury decorative table clock with a golden stand and a solid gold figure atop."
            }
        },
        "fleaPriceRoubles": 2100000,
        "handbookPriceRoubles": 2100000,
        "newItem": {
            "_id": "68c35c198b8b18c0c707ffa2",
            "_name": "tarkov_collectibles_gold_clock",
            "_parent": "57864a3d24597754843f8721",
            "_type": "Item",
            "_props": {
                "Prefab": {
                    "path": "TarkovCollectibles/tarkov_collectibles_gold_clock.bundle",
                    "rcid": ""
                },
                "Name": "Gold Clock",
                "ShortName": "GoldClock",
                "Description": "A luxury decorative table clock with a golden stand and a solid gold figure atop.",
                "Weight": 4.5,
                "Width": 2,
                "Height": 2,
                "CanSellOnRagfair": false,
                "ExaminedByDefault": false,
                "ExamineTime": 1,
                "ExamineExperience": 100,
                "LootExperience": 100,
                "ItemSound": "jewelry",
                "BackgroundColor": "red",
                "AnimationVariantsNumber": 0,
                "CanRequireOnRagfair": false,
                "ConflictingItems": [],
                "DiscardLimit": 0,
                "DiscardingBlock": false,
                "DropSoundType": "None",
                "ExtraSizeForceAdd": false,
                "ExtraSizeDown": 0,
                "ExtraSizeLeft": 0,
                "ExtraSizeRight": 0,
                "ExtraSizeUp": 0,
                "HideEntrails": false,
                "InsuranceDisabled": false,
                "IsAlwaysAvailableForInsurance": false,
                "IsLockedafterEquip": false,
                "IsSecretExitRequirement": false,
                "IsSpecialSlotOnly": false,
                "IsUnbuyable": false,
                "IsUndiscardable": false,
                "IsUngivable": false,
                "IsUnremovable": false,
                "IsUnsaleable": false,
                "MaxResource": 0,
                "MergesWithChildren": false,
                "NotShownInSlot": false,
                "QuestItem": false,
                "QuestStashMaxCount": 0,
                "RagFairCommissionModifier": 1,
                "RarityPvE": "Superrare",
                "RepairCost": 0,
                "RepairSpeed": 0,
                "Resource": 0,
                "StackMaxSize": 1,
                "StackObjectsCount": 1,
                "Unlootable": false,
                "UnlootableFromSide": [],
                "UnlootableFromSlot": "FirstPrimaryWeapon",
                "UsePrefab": {
                    "path": "",
                    "rcid": ""
                }
            }
        }
    },
    "68c35c198b8b18c0c707ffa3": {
        "handbookParentId": "57864a3d24597754843f8721",
        "locales": {
            "en": {
                "name": "Gold Statue",
                "shortName": "GoldStatue",
                "description": "A luxury decorative statue made completely out of gold."
            }
        },
        "fleaPriceRoubles": 2500000,
        "handbookPriceRoubles": 2500000,
        "newItem": {
            "_id": "68c35c198b8b18c0c707ffa3",
            "_name": "tarkov_collectibles_gold_statue",
            "_parent": "57864a3d24597754843f8721",
            "_type": "Item",
            "_props": {
                "Prefab": {
                    "path": "TarkovCollectibles/tarkov_collectibles_gold_statue.bundle",
                    "rcid": ""
                },
                "Name": "Gold Statue",
                "ShortName": "GoldStatue",
                "Description": "A luxury decorative statue made completely out of gold.",
                "Weight": 2.5,
                "Width": 1,
                "Height": 2,
                "CanSellOnRagfair": false,
                "ExaminedByDefault": false,
                "ExamineTime": 1,
                "ExamineExperience": 100,
                "LootExperience": 100,
                "ItemSound": "jewelry",
                "BackgroundColor": "red",
                "AnimationVariantsNumber": 0,
                "CanRequireOnRagfair": false,
                "ConflictingItems": [],
                "DiscardLimit": 0,
                "DiscardingBlock": false,
                "DropSoundType": "None",
                "ExtraSizeForceAdd": false,
                "ExtraSizeDown": 0,
                "ExtraSizeLeft": 0,
                "ExtraSizeRight": 0,
                "ExtraSizeUp": 0,
                "HideEntrails": false,
                "InsuranceDisabled": false,
                "IsAlwaysAvailableForInsurance": false,
                "IsLockedafterEquip": false,
                "IsSecretExitRequirement": false,
                "IsSpecialSlotOnly": false,
                "IsUnbuyable": false,
                "IsUndiscardable": false,
                "IsUngivable": false,
                "IsUnremovable": false,
                "IsUnsaleable": false,
                "MaxResource": 0,
                "MergesWithChildren": false,
                "NotShownInSlot": false,
                "QuestItem": false,
                "QuestStashMaxCount": 0,
                "RagFairCommissionModifier": 1,
                "RarityPvE": "Superrare",
                "RepairCost": 0,
                "RepairSpeed": 0,
                "Resource": 0,
                "StackMaxSize": 1,
                "StackObjectsCount": 1,
                "Unlootable": false,
                "UnlootableFromSide": [],
                "UnlootableFromSlot": "FirstPrimaryWeapon",
                "UsePrefab": {
                    "path": "",
                    "rcid": ""
                }
            }
        }
    },
    "68c35c198b8b18c0c707ffa4": {
        "handbookParentId": "57864c8c245977548867e7f1",
        "locales": {
            "en": {
                "name": "Pack of Weed",
                "shortName": "Weed",
                "description": "A dense, compact pack of homegrown cannabis, used either for relief or to craft makeshift painkillers."
            }
        },
        "fleaPriceRoubles": 800000,
        "handbookPriceRoubles": 800000,
        "newItem": {
            "_id": "68c35c198b8b18c0c707ffa4",
            "_name": "tarkov_collectibles_weed",
            "_parent": "57864c8c245977548867e7f1",
            "_type": "Item",
            "_props": {
                "Prefab": {
                    "path": "TarkovCollectibles/tarkov_collectibles_weed.bundle",
                    "rcid": ""
                },
                "Name": "Pack of Weed",
                "ShortName": "Weed",
                "Description": "A dense, compact pack of homegrown cannabis, used either for relief or to craft makeshift painkillers.",
                "Weight": 0.8,
                "Width": 2,
                "Height": 2,
                "CanSellOnRagfair": false,
                "ExaminedByDefault": false,
                "ExamineTime": 1,
                "ExamineExperience": 100,
                "LootExperience": 100,
                "ItemSound": "gear_generic",
                "BackgroundColor": "red",
                "AnimationVariantsNumber": 0,
                "CanRequireOnRagfair": false,
                "ConflictingItems": [],
                "DiscardLimit": 0,
                "DiscardingBlock": false,
                "DropSoundType": "None",
                "ExtraSizeForceAdd": false,
                "ExtraSizeDown": 0,
                "ExtraSizeLeft": 0,
                "ExtraSizeRight": 0,
                "ExtraSizeUp": 0,
                "HideEntrails": false,
                "InsuranceDisabled": false,
                "IsAlwaysAvailableForInsurance": false,
                "IsLockedafterEquip": false,
                "IsSecretExitRequirement": false,
                "IsSpecialSlotOnly": false,
                "IsUnbuyable": false,
                "IsUndiscardable": false,
                "IsUngivable": false,
                "IsUnremovable": false,
                "IsUnsaleable": false,
                "MaxResource": 0,
                "MergesWithChildren": false,
                "NotShownInSlot": false,
                "QuestItem": false,
                "QuestStashMaxCount": 0,
                "RagFairCommissionModifier": 1,
                "RarityPvE": "Superrare",
                "RepairCost": 0,
                "RepairSpeed": 0,
                "Resource": 0,
                "StackMaxSize": 1,
                "StackObjectsCount": 1,
                "Unlootable": false,
                "UnlootableFromSide": [],
                "UnlootableFromSlot": "FirstPrimaryWeapon",
                "UsePrefab": {
                    "path": "",
                    "rcid": ""
                }
            }
        }
    },
    "68c35c198b8b18c0c707ffa5": {
        "handbookParentId": "57864a3d24597754843f8721",
        "locales": {
            "en": {
                "name": "Mona Lisa Replica",
                "shortName": "MonaLisa",
                "description": "A high-quality framed replica of the Mona Lisa, a heavy luxury piece often fetching tens of thousands at auction."
            }
        },
        "fleaPriceRoubles": 4500000,
        "handbookPriceRoubles": 4500000,
        "newItem": {
            "_id": "68c35c198b8b18c0c707ffa5",
            "_name": "tarkov_collectibles_monalisa",
            "_parent": "57864a3d24597754843f8721",
            "_type": "Item",
            "_props": {
                "Prefab": {
                    "path": "TarkovCollectibles/tarkov_collectibles_monalisa.bundle",
                    "rcid": ""
                },
                "Name": "Mona Lisa Replica",
                "ShortName": "MonaLisa",
                "Description": "A high-quality framed replica of the Mona Lisa, a heavy luxury piece often fetching tens of thousands at auction.",
                "Weight": 6,
                "Width": 3,
                "Height": 4,
                "CanSellOnRagfair": false,
                "ExaminedByDefault": false,
                "ExamineTime": 1,
                "ExamineExperience": 100,
                "LootExperience": 100,
                "ItemSound": "container_plastic",
                "BackgroundColor": "red",
                "AnimationVariantsNumber": 0,
                "CanRequireOnRagfair": false,
                "ConflictingItems": [],
                "DiscardLimit": 0,
                "DiscardingBlock": false,
                "DropSoundType": "None",
                "ExtraSizeForceAdd": false,
                "ExtraSizeDown": 0,
                "ExtraSizeLeft": 0,
                "ExtraSizeRight": 0,
                "ExtraSizeUp": 0,
                "HideEntrails": false,
                "InsuranceDisabled": false,
                "IsAlwaysAvailableForInsurance": false,
                "IsLockedafterEquip": false,
                "IsSecretExitRequirement": false,
                "IsSpecialSlotOnly": false,
                "IsUnbuyable": false,
                "IsUndiscardable": false,
                "IsUngivable": false,
                "IsUnremovable": false,
                "IsUnsaleable": false,
                "MaxResource": 0,
                "MergesWithChildren": false,
                "NotShownInSlot": false,
                "QuestItem": false,
                "QuestStashMaxCount": 0,
                "RagFairCommissionModifier": 1,
                "RarityPvE": "Superrare",
                "RepairCost": 0,
                "RepairSpeed": 0,
                "Resource": 0,
                "StackMaxSize": 1,
                "StackObjectsCount": 1,
                "Unlootable": false,
                "UnlootableFromSide": [],
                "UnlootableFromSlot": "FirstPrimaryWeapon",
                "UsePrefab": {
                    "path": "",
                    "rcid": ""
                }
            }
        }
    },
    "68c35c198b8b18c0c707ffa6": {
        "handbookParentId": "57864a3d24597754843f8721",
        "locales": {
            "en": {
                "name": "Antique Flintlock Replica",
                "shortName": "Flintlock",
                "description": "A replica of a 18th century flintlock rifle, ornately finished, prized for its craftsmanship and provenance."
            }
        },
        "fleaPriceRoubles": 1800000,
        "handbookPriceRoubles": 1800000,
        "newItem": {
            "_id": "68c35c198b8b18c0c707ffa6",
            "_name": "tarkov_collectibles_flintlock",
            "_parent": "57864a3d24597754843f8721",
            "_type": "Item",
            "_props": {
                "Prefab": {
                    "path": "TarkovCollectibles/tarkov_collectibles_flintlock.bundle",
                    "rcid": ""
                },
                "Name": "Antique Flintlock Replica",
                "ShortName": "Flintlock",
                "Description": "A replica of a 18th century flintlock rifle, ornately finished, prized for its craftsmanship and provenance.",
                "Weight": 3,
                "Width": 4,
                "Height": 1,
                "CanSellOnRagfair": false,
                "ExaminedByDefault": false,
                "ExamineTime": 1,
                "ExamineExperience": 100,
                "LootExperience": 100,
                "ItemSound": "weap_rifle",
                "BackgroundColor": "red",
                "AnimationVariantsNumber": 0,
                "CanRequireOnRagfair": false,
                "ConflictingItems": [],
                "DiscardLimit": 0,
                "DiscardingBlock": false,
                "DropSoundType": "None",
                "ExtraSizeForceAdd": false,
                "ExtraSizeDown": 0,
                "ExtraSizeLeft": 0,
                "ExtraSizeRight": 0,
                "ExtraSizeUp": 0,
                "HideEntrails": false,
                "InsuranceDisabled": false,
                "IsAlwaysAvailableForInsurance": false,
                "IsLockedafterEquip": false,
                "IsSecretExitRequirement": false,
                "IsSpecialSlotOnly": false,
                "IsUnbuyable": false,
                "IsUndiscardable": false,
                "IsUngivable": false,
                "IsUnremovable": false,
                "IsUnsaleable": false,
                "MaxResource": 0,
                "MergesWithChildren": false,
                "NotShownInSlot": false,
                "QuestItem": false,
                "QuestStashMaxCount": 0,
                "RagFairCommissionModifier": 1,
                "RarityPvE": "Superrare",
                "RepairCost": 0,
                "RepairSpeed": 0,
                "Resource": 0,
                "StackMaxSize": 1,
                "StackObjectsCount": 1,
                "Unlootable": false,
                "UnlootableFromSide": [],
                "UnlootableFromSlot": "FirstPrimaryWeapon",
                "UsePrefab": {
                    "path": "",
                    "rcid": ""
                }
            }
        }
    },
    "68c35c198b8b18c0c707ffa7": {
        "handbookParentId": "57864a66245977548f04a81f",
        "locales": {
            "en": {
                "name": "Military Recon Drone",
                "shortName": "MilitaryDrone",
                "description": "A portable, military-grade reconnaissance drone equipped for surveillance and rapid deployment in the field."
            }
        },
        "fleaPriceRoubles": 3200000,
        "handbookPriceRoubles": 3200000,
        "newItem": {
            "_id": "68c35c198b8b18c0c707ffa7",
            "_name": "tarkov_collectibles_drone",
            "_parent": "57864a66245977548f04a81f",
            "_type": "Item",
            "_props": {
                "Prefab": {
                    "path": "TarkovCollectibles/tarkov_collectibles_drone.bundle",
                    "rcid": ""
                },
                "Name": "Military Recon Drone",
                "ShortName": "MilitaryDrone",
                "Description": "A portable, military-grade reconnaissance drone equipped for surveillance and rapid deployment in the field.",
                "Weight": 4.5,
                "Width": 3,
                "Height": 3,
                "CanSellOnRagfair": false,
                "ExaminedByDefault": false,
                "ExamineTime": 1,
                "ExamineExperience": 100,
                "LootExperience": 100,
                "ItemSound": "item_plastic_generic",
                "BackgroundColor": "red",
                "AnimationVariantsNumber": 0,
                "CanRequireOnRagfair": false,
                "ConflictingItems": [],
                "DiscardLimit": 0,
                "DiscardingBlock": false,
                "DropSoundType": "None",
                "ExtraSizeForceAdd": false,
                "ExtraSizeDown": 0,
                "ExtraSizeLeft": 0,
                "ExtraSizeRight": 0,
                "ExtraSizeUp": 0,
                "HideEntrails": false,
                "InsuranceDisabled": false,
                "IsAlwaysAvailableForInsurance": false,
                "IsLockedafterEquip": false,
                "IsSecretExitRequirement": false,
                "IsSpecialSlotOnly": false,
                "IsUnbuyable": false,
                "IsUndiscardable": false,
                "IsUngivable": false,
                "IsUnremovable": false,
                "IsUnsaleable": false,
                "MaxResource": 0,
                "MergesWithChildren": false,
                "NotShownInSlot": false,
                "QuestItem": false,
                "QuestStashMaxCount": 0,
                "RagFairCommissionModifier": 1,
                "RarityPvE": "Superrare",
                "RepairCost": 0,
                "RepairSpeed": 0,
                "Resource": 0,
                "StackMaxSize": 1,
                "StackObjectsCount": 1,
                "Unlootable": false,
                "UnlootableFromSide": [],
                "UnlootableFromSlot": "FirstPrimaryWeapon",
                "UsePrefab": {
                    "path": "",
                    "rcid": ""
                }
            }
        }
    },
    "68c35c198b8b18c0c707ffa8": {
        "handbookParentId": "590c745b86f7743cc433c5f2",
        "locales": {
            "en": {
                "name": "Military Missile",
                "shortName": "MilitaryMissile",
                "description": "A military tacticle missile, designed for armored vehicles and tanks."
            }
        },
        "fleaPriceRoubles": 3800000,
        "handbookPriceRoubles": 3800000,
        "newItem": {
            "_id": "68c35c198b8b18c0c707ffa8",
            "_name": "tarkov_collectibles_missile",
            "_parent": "590c745b86f7743cc433c5f2",
            "_type": "Item",
            "_props": {
                "Prefab": {
                    "path": "TarkovCollectibles/tarkov_collectibles_missile.bundle",
                    "rcid": ""
                },
                "Name": "Military Missile",
                "ShortName": "MilitaryMissile",
                "Description": "A military tacticle missile, designed for armored vehicles and tanks.",
                "Weight": 12,
                "Width": 4,
                "Height": 2,
                "CanSellOnRagfair": false,
                "ExaminedByDefault": false,
                "ExamineTime": 1,
                "ExamineExperience": 100,
                "LootExperience": 100,
                "ItemSound": "smallmetal",
                "BackgroundColor": "red",
                "AnimationVariantsNumber": 0,
                "CanRequireOnRagfair": false,
                "ConflictingItems": [],
                "DiscardLimit": 0,
                "DiscardingBlock": false,
                "DropSoundType": "None",
                "ExtraSizeForceAdd": false,
                "ExtraSizeDown": 0,
                "ExtraSizeLeft": 0,
                "ExtraSizeRight": 0,
                "ExtraSizeUp": 0,
                "HideEntrails": false,
                "InsuranceDisabled": false,
                "IsAlwaysAvailableForInsurance": false,
                "IsLockedafterEquip": false,
                "IsSecretExitRequirement": false,
                "IsSpecialSlotOnly": false,
                "IsUnbuyable": false,
                "IsUndiscardable": false,
                "IsUngivable": false,
                "IsUnremovable": false,
                "IsUnsaleable": false,
                "MaxResource": 0,
                "MergesWithChildren": false,
                "NotShownInSlot": false,
                "QuestItem": false,
                "QuestStashMaxCount": 0,
                "RagFairCommissionModifier": 1,
                "RarityPvE": "Superrare",
                "RepairCost": 0,
                "RepairSpeed": 0,
                "Resource": 0,
                "StackMaxSize": 1,
                "StackObjectsCount": 1,
                "Unlootable": false,
                "UnlootableFromSide": [],
                "UnlootableFromSlot": "FirstPrimaryWeapon",
                "UsePrefab": {
                    "path": "",
                    "rcid": ""
                }
            }
        }
    },
    "68c35c198b8b18c0c707ffa9": {
        "handbookParentId": "590c745b86f7743cc433c5f2",
        "locales": {
            "en": {
                "name": "Premium Champagne",
                "shortName": "Champagne",
                "description": "A bottle of sealed premium HOXXOH Gold Champagne."
            }
        },
        "fleaPriceRoubles": 1500000,
        "handbookPriceRoubles": 1500000,
        "newItem": {
            "_id": "68c35c198b8b18c0c707ffa9",
            "_name": "tarkov_collectibles_champagne",
            "_parent": "590c745b86f7743cc433c5f2",
            "_type": "Item",
            "_props": {
                "Prefab": {
                    "path": "TarkovCollectibles/tarkov_collectibles_champagne.bundle",
                    "rcid": ""
                },
                "Name": "Premium Champagne",
                "ShortName": "Champagne",
                "Description": "A bottle of sealed premium HOXXOH Gold Champagne.",
                "Weight": 1.5,
                "Width": 1,
                "Height": 2,
                "CanSellOnRagfair": false,
                "ExaminedByDefault": false,
                "ExamineTime": 1,
                "ExamineExperience": 100,
                "LootExperience": 100,
                "ItemSound": "food_bottle",
                "BackgroundColor": "red",
                "AnimationVariantsNumber": 0,
                "CanRequireOnRagfair": false,
                "ConflictingItems": [],
                "DiscardLimit": 0,
                "DiscardingBlock": false,
                "DropSoundType": "None",
                "ExtraSizeForceAdd": false,
                "ExtraSizeDown": 0,
                "ExtraSizeLeft": 0,
                "ExtraSizeRight": 0,
                "ExtraSizeUp": 0,
                "HideEntrails": false,
                "InsuranceDisabled": false,
                "IsAlwaysAvailableForInsurance": false,
                "IsLockedafterEquip": false,
                "IsSecretExitRequirement": false,
                "IsSpecialSlotOnly": false,
                "IsUnbuyable": false,
                "IsUndiscardable": false,
                "IsUngivable": false,
                "IsUnremovable": false,
                "IsUnsaleable": false,
                "MaxResource": 0,
                "MergesWithChildren": false,
                "NotShownInSlot": false,
                "QuestItem": false,
                "QuestStashMaxCount": 0,
                "RagFairCommissionModifier": 1,
                "RarityPvE": "Superrare",
                "RepairCost": 0,
                "RepairSpeed": 0,
                "Resource": 0,
                "StackMaxSize": 1,
                "StackObjectsCount": 1,
                "Unlootable": false,
                "UnlootableFromSide": [],
                "UnlootableFromSlot": "FirstPrimaryWeapon",
                "UsePrefab": {
                    "path": "",
                    "rcid": ""
                }
            }
        }
    },
    "68c35c198b8b18c0c707ffaa": {
        "handbookParentId": "57864ee62459775490116fc1",
        "locales": {
            "en": {
                "name": "TerraGroup Labs Emergency Power Cell",
                "shortName": "PowerCell",
                "description": "A lightweight high-capacity emergency power unit designed for TerraGroup Labs, capable of powering the entire facility for several days."
            }
        },
        "fleaPriceRoubles": 4500000,
        "handbookPriceRoubles": 4500000,
        "newItem": {
            "_id": "68c35c198b8b18c0c707ffaa",
            "_name": "tarkov_collectibles_power_cell",
            "_parent": "57864ee62459775490116fc1",
            "_type": "Item",
            "_props": {
                "Prefab": {
                    "path": "TarkovCollectibles/tarkov_collectibles_power_cell.bundle",
                    "rcid": ""
                },
                "Name": "TerraGroup Labs Emergency Power Cell",
                "ShortName": "PowerCell",
                "Description": "A lightweight high-capacity emergency power unit designed for TerraGroup Labs, capable of powering the entire facility for several days.",
                "Weight": 24,
                "Width": 3,
                "Height": 4,
                "CanSellOnRagfair": false,
                "ExaminedByDefault": false,
                "ExamineTime": 1,
                "ExamineExperience": 100,
                "LootExperience": 100,
                "ItemSound": "spec_armorrep",
                "BackgroundColor": "red",
                "AnimationVariantsNumber": 0,
                "CanRequireOnRagfair": false,
                "ConflictingItems": [],
                "DiscardLimit": 0,
                "DiscardingBlock": false,
                "DropSoundType": "None",
                "ExtraSizeForceAdd": false,
                "ExtraSizeDown": 0,
                "ExtraSizeLeft": 0,
                "ExtraSizeRight": 0,
                "ExtraSizeUp": 0,
                "HideEntrails": false,
                "InsuranceDisabled": false,
                "IsAlwaysAvailableForInsurance": false,
                "IsLockedafterEquip": false,
                "IsSecretExitRequirement": false,
                "IsSpecialSlotOnly": false,
                "IsUnbuyable": false,
                "IsUndiscardable": false,
                "IsUngivable": false,
                "IsUnremovable": false,
                "IsUnsaleable": false,
                "MaxResource": 0,
                "MergesWithChildren": false,
                "NotShownInSlot": false,
                "QuestItem": false,
                "QuestStashMaxCount": 0,
                "RagFairCommissionModifier": 1,
                "RarityPvE": "Superrare",
                "RepairCost": 0,
                "RepairSpeed": 0,
                "Resource": 0,
                "StackMaxSize": 1,
                "StackObjectsCount": 1,
                "Unlootable": false,
                "UnlootableFromSide": [],
                "UnlootableFromSlot": "FirstPrimaryWeapon",
                "UsePrefab": {
                    "path": "",
                    "rcid": ""
                }
            }
        }
    },
    "68c35c198b8b18c0c707ffab": {
        "handbookParentId": "57864a3d24597754843f8721",
        "locales": {
            "en": {
                "name": "Golden Deer Skull",
                "shortName": "GoldDeer",
                "description": "A heavy golden deer skull found at some sacrificial altars of a strange occult sect."
            }
        },
        "fleaPriceRoubles": 8000000,
        "handbookPriceRoubles": 8000000,
        "newItem": {
            "_id": "68c35c198b8b18c0c707ffab",
            "_name": "tarkov_collectibles_gold_deer_skull",
            "_parent": "57864a3d24597754843f8721",
            "_type": "Item",
            "_props": {
                "Prefab": {
                    "path": "TarkovCollectibles/tarkov_collectibles_gold_deer_skull.bundle",
                    "rcid": ""
                },
                "Name": "Golden Deer Skull",
                "ShortName": "GoldDeer",
                "Description": "A heavy golden deer skull found at some sacrificial altars of a strange occult sect.",
                "Weight": 6.8,
                "Width": 3,
                "Height": 4,
                "CanSellOnRagfair": false,
                "ExaminedByDefault": false,
                "ExamineTime": 1,
                "ExamineExperience": 100,
                "LootExperience": 100,
                "ItemSound": "generic",
                "BackgroundColor": "red",
                "AnimationVariantsNumber": 0,
                "CanRequireOnRagfair": false,
                "ConflictingItems": [],
                "DiscardLimit": 0,
                "DiscardingBlock": false,
                "DropSoundType": "None",
                "ExtraSizeForceAdd": false,
                "ExtraSizeDown": 0,
                "ExtraSizeLeft": 0,
                "ExtraSizeRight": 0,
                "ExtraSizeUp": 0,
                "HideEntrails": false,
                "InsuranceDisabled": false,
                "IsAlwaysAvailableForInsurance": false,
                "IsLockedafterEquip": false,
                "IsSecretExitRequirement": false,
                "IsSpecialSlotOnly": false,
                "IsUnbuyable": false,
                "IsUndiscardable": false,
                "IsUngivable": false,
                "IsUnremovable": false,
                "IsUnsaleable": false,
                "MaxResource": 0,
                "MergesWithChildren": false,
                "NotShownInSlot": false,
                "QuestItem": false,
                "QuestStashMaxCount": 0,
                "RagFairCommissionModifier": 1,
                "RarityPvE": "Superrare",
                "RepairCost": 0,
                "RepairSpeed": 0,
                "Resource": 0,
                "StackMaxSize": 1,
                "StackObjectsCount": 1,
                "Unlootable": false,
                "UnlootableFromSide": [],
                "UnlootableFromSlot": "FirstPrimaryWeapon",
                "UsePrefab": {
                    "path": "",
                    "rcid": ""
                }
            }
        }
    }
}