{
    "68c35c198b8b18c0c707ffa0": "tarkov_collectibles_diamond",
    "68c35c198b8b18c0c707ffa1": "tarkov_collectibles_gold_bar",
    "68c35c198b8b18c0c707ffa2": "tarkov_collectibles_gold_clock",
    "68c35c198b8b18c0c707ffa3": "tarkov_collectibles_gold_statue",
    "68c35c198b8b18c0c707ffa4": "tarkov_collectibles_weed",
    "68c35c198b8b18c0c707ffa5": "tarkov_collectibles_monalisa",
    "68c35c198b8b18c0c707ffa6": "tarkov_collectibles_flintlock",
    "68c35c198b8b18c0c707ffa7": "tarkov_collectibles_drone",
    "68c35c198b8b18c0c707ffa8": "tarkov_collectibles_missile",
    "68c35c198b8b18c0c707ffa9": "tarkov_collectibles_champagne",
    "68c35c198b8b18c0c707ffaa": "tarkov_collectibles_power_cell",
    "68c35c198b8b18c0c707ffab": "tarkov_collectibles_gold_deer_skull"
}