{
    "68c35c198b8b18c0c707ffa0": {
        "bigmap": {
            "Safe": 0.0004
        },
        "factory4_day": {
            "SafeBank_terra": 0.005
        },
        "factory4_night": {
            "SafeBank_terra": 0.005
        },
        "laboratory": {
            "Safe": 0.002
        },
        "lighthouse": {
            "Safe": 0.001
        },
        "rezervbase": {
            "Safe": 0.0004
        },
        "sandbox": {
            "Safe": 0.0006
        },
        "sandbox_high": {
            "Safe": 0.0012
        },
        "shoreline": {
            "Safe": 0.0004
        },
        "tarkovstreets": {
            "Safe": 0.0006
        },
        "woods": {
            "Safe": 0.001
        }
    },
    "68c35c198b8b18c0c707ffa1": {
        "bigmap": {
            "Safe": 0.008
        },
        "factory4_day": {
            "Safe": 0.003,
            "SafeBank_terra": 0.05
        },
        "factory4_night": {
            "Safe": 0.003,
            "SafeBank_terra": 0.05
        },
        "laboratory": {
            "Safe": 0.02
        },
        "lighthouse": {
            "Safe": 0.008
        },
        "rezervbase": {
            "Safe": 0.003
        },
        "sandbox": {
            "Safe": 0.001
        },
        "sandbox_high": {
            "Safe": 0.005
        },
        "shoreline": {
            "Safe": 0.005
        },
        "tarkovstreets": {
            "Safe": 0.006
        },
        "woods": {
            "Safe": 0.008
        }
    },
    "68c35c198b8b18c0c707ffa2": {
        "bigmap": {
            "SportBag": 0.00005,
            "ToolBox": 0.0002,
            "tools&other": 0.0015,
            "wood_cache": 0.0002,
            "barrel_cache": 0.0002
        },
        "factory4_day": {
            "SportBag": 0.00008,
            "ToolBox": 0.0002,
            "tools&other": 0.0015
        },
        "factory4_night": {
            "SportBag": 0.00008,
            "ToolBox": 0.0005,
            "tools&other": 0.0015
        },
        "interchange": {
            "SportBag": 0.00005,
            "ToolBox": 0.0002,
            "wood_cache": 0.0002,
            "barrel_cache": 0.0002,
            "suitcase_plastic_lootable": 0.003
        },
        "laboratory": {
            "Safe": 0.025,
            "SportBag": 0.00005,
            "ToolBox": 0.0002,
            "suitcase_plastic_lootable": 0.003
        },
        "lighthouse": {
            "SportBag": 0.0001,
            "ToolBox": 0.0003,
            "tools&other": 0.003,
            "wood_cache": 0.0003,
            "barrel_cache": 0.0003,
            "suitcase_plastic_lootable": 0.005
        },
        "rezervbase": {
            "SportBag": 0.00005,
            "ToolBox": 0.0002,
            "tools&other": 0.0015
        },
        "sandbox": {
            "SportBag": 0.00005,
            "ToolBox": 0.0002,
            "tools&other": 0.0015,
            "suitcase_plastic_lootable": 0.003
        },
        "sandbox_high": {
            "SportBag": 0.0005,
            "ToolBox": 0.0005,
            "tools&other": 0.003,
            "suitcase_plastic_lootable": 0.005
        },
        "shoreline": {
            "SportBag": 0.0001,
            "ToolBox": 0.0003,
            "wood_cache": 0.0003,
            "barrel_cache": 0.0003,
            "suitcase_plastic_lootable": 0.005
        },
        "tarkovstreets": {
            "SportBag": 0.0001,
            "ToolBox": 0.0003,
            "tools&other": 0.003,
            "barrel_cache": 0.0003,
            "suitcase_plastic_lootable": 0.005
        },
        "woods": {
            "SportBag": 0.00005,
            "ToolBox": 0.0002,
            "tools&other": 0.0015,
            "wood_cache": 0.0002,
            "barrel_cache": 0.0002
        }
    },
    "68c35c198b8b18c0c707ffa3": {
        "bigmap": {
            "Drawer": 0.0005,
            "SportBag": 0.0001,
            "wood_cache": 0.001,
            "barrel_cache": 0.001
        },
        "factory4_day": {
            "Drawer": 0.00025,
            "SportBag": 0.00005
        },
        "factory4_night": {
            "Drawer": 0.00025,
            "SportBag": 0.0005
        },
        "interchange": {
            "Drawer": 0.0005,
            "SportBag": 0.0001,
            "wood_cache": 0.001,
            "barrel_cache": 0.001,
            "suitcase_plastic_lootable": 0.005
        },
        "laboratory": {
            "Drawer": 0.0005,
            "SportBag": 0.0001,
            "suitcase_plastic_lootable": 0.005
        },
        "lighthouse": {
            "Drawer": 0.00025,
            "SportBag": 0.00005,
            "wood_cache": 0.0005,
            "barrel_cache": 0.0005,
            "suitcase_plastic_lootable": 0.003
        },
        "rezervbase": {
            "Drawer": 0.0005,
            "SportBag": 0.0001
        },
        "sandbox": {
            "Drawer": 0.00025,
            "SportBag": 0.00005,
            "suitcase_plastic_lootable": 0.003
        },
        "sandbox_high": {
            "Drawer": 0.00025,
            "SportBag": 0.00025,
            "suitcase_plastic_lootable": 0.003
        },
        "shoreline": {
            "Drawer": 0.00025,
            "SportBag": 0.00005,
            "wood_cache": 0.0005,
            "barrel_cache": 0.0005,
            "suitcase_plastic_lootable": 0.003
        },
        "tarkovstreets": {
            "Drawer": 0.00025,
            "SportBag": 0.00005,
            "barrel_cache": 0.0005,
            "suitcase_plastic_lootable": 0.003
        },
        "woods": {
            "Drawer": 0.0005,
            "SportBag": 0.0001,
            "wood_cache": 0.001,
            "barrel_cache": 0.001
        }
    },
    "68c35c198b8b18c0c707ffa4": {
        "bigmap": {
            "Jacket": 0.01,
            "MedBag": 0.008,
            "MedBox": 0.008,
            "PMC_dead": 0.005,
            "barrel_cache": 0.001,
            "scavDead": 0.01,
            "wood_cache": 0.001
        },
        "factory4_day": {
            "Jacket": 0.008,
            "MedBag": 0.005,
            "PMC_dead": 0.002,
            "scavDead": 0.006
        },
        "factory4_night": {
            "Jacket": 0.008,
            "MedBag": 0.005,
            "PMC_dead": 0.002,
            "scavDead": 0.006
        },
        "interchange": {
            "Jacket": 0.008,
            "MedBag": 0.005,
            "MedBox": 0.005,
            "barrel_cache": 0.001,
            "scavDead": 0.006,
            "wood_cache": 0.001
        },
        "laboratory": {
            "Jacket": 0.008,
            "MedBag": 0.005,
            "MedBox": 0.005,
            "PMC_dead": 0.002
        },
        "lighthouse": {
            "Jacket": 0.01,
            "MedBag": 0.008,
            "MedBag_adv": 0.008,
            "MedBox": 0.008,
            "barrel_cache": 0.001,
            "scavDead": 0.01,
            "wood_cache": 0.001
        },
        "rezervbase": {
            "Jacket": 0.008,
            "MedBag": 0.005,
            "MedBox": 0.005,
            "scavDead": 0.006
        },
        "sandbox": {
            "Jacket": 0.008,
            "MedBag": 0.005,
            "MedBox": 0.005,
            "PMC_dead": 0.002,
            "scavDead": 0.006
        },
        "sandbox_high": {
            "Jacket": 0.008,
            "MedBag": 0.005,
            "MedBox": 0.005,
            "PMC_dead": 0.002,
            "scavDead": 0.006
        },
        "shoreline": {
            "Jacket": 0.008,
            "MedBag": 0.005,
            "MedBox": 0.005,
            "barrel_cache": 0.001,
            "scavDead": 0.006,
            "wood_cache": 0.001
        },
        "tarkovstreets": {
            "Jacket": 0.01,
            "MedBag": 0.008,
            "MedBox": 0.008,
            "barrel_cache": 0.001,
            "scavDead": 0.01
        },
        "woods": {
            "Jacket": 0.008,
            "MedBag": 0.005,
            "PMC_dead": 0.002,
            "barrel_cache": 0.001,
            "scavDead": 0.006,
            "wood_cache": 0.001
        }
    },
    "68c35c198b8b18c0c707ffa5": {
        "bigmap": {
            "barrel_cache": 0.01,
            "wood_cache": 0.01
        },
        "interchange": {
            "barrel_cache": 0.01,
            "wood_cache": 0.01
        },
        "lighthouse": {
            "barrel_cache": 0.01,
            "wood_cache": 0.01
        },
        "shoreline": {
            "barrel_cache": 0.01,
            "wood_cache": 0.01
        },
        "tarkovstreets": {
            "barrel_cache": 0.01
        },
        "woods": {
            "barrel_cache": 0.01,
            "wood_cache": 0.01
        }
    },
    "68c35c198b8b18c0c707ffa6": {
        "bigmap": {
            "WeaponCrate": 0.0008,
            "terraWBoxLong": 0.0008,
            "terraWBoxLongBig": 0.0008,
            "terraWBoxSquare": 0.0008,
            "terraWBoxSquareBig": 0.0008
        },
        "interchange": {
            "WeaponCrate": 0.0008,
            "terraWBoxLong": 0.0008,
            "terraWBoxLongBig": 0.0008,
            "terraWBoxSquare": 0.0008,
            "terraWBoxSquareBig": 0.0008
        },
        "lighthouse": {
            "WeaponCrate": 0.0008,
            "terraWBoxLong": 0.0008,
            "terraWBoxLongBig": 0.0008,
            "terraWBoxSquare": 0.0008,
            "terraWBoxSquareBig": 0.0008
        },
        "shoreline": {
            "WeaponCrate": 0.0008,
            "terraWBoxLong": 0.0008,
            "terraWBoxLongBig": 0.0008,
            "terraWBoxSquare": 0.0008,
            "terraWBoxSquareBig": 0.0008
        },
        "tarkovstreets": {
            "SportBag": 0.0001,
            "WeaponCrate": 0.003,
            "terraWBoxLong": 0.003,
            "terraWBoxLongBig": 0.003,
            "terraWBoxSquare": 0.003,
            "terraWBoxSquareBig": 0.003
        },
        "woods": {
            "WeaponCrate": 0.0008,
            "terraWBoxLong": 0.0008,
            "terraWBoxLongBig": 0.0008,
            "terraWBoxSquare": 0.0008,
            "terraWBoxSquareBig": 0.0008
        }
    },
    "68c35c198b8b18c0c707ffa7": {
        "bigmap": {
            "Food&Stuff": 0.0006,
            "tools&other": 0.0006,
            "meds&other": 0.0006
        },
        "lighthouse": {
            "Food&Stuff": 0.0006,
            "tools&other": 0.0006
        },
        "rezervbase": {
            "Food&Stuff": 0.0012,
            "tools&other": 0.0012,
            "meds&other": 0.0012
        },
        "shoreline": {
            "Food&Stuff": 0.0006,
            "meds&other": 0.0006
        },
        "woods": {
            "Food&Stuff": 0.0006,
            "tools&other": 0.0006,
            "meds&other": 0.0006
        }
    },
    "68c35c198b8b18c0c707ffa8": {
        "bigmap": {
            "WeaponCrate": 0.0004,
            "terraWBoxLong": 0.0008,
            "terraWBoxLongBig": 0.0012,
            "terraWBoxSquare": 0.0008,
            "terraWBoxSquareBig": 0.0012
        },
        "laboratory": {
            "terraWBoxLong": 0.0008,
            "terraWBoxLongBig": 0.0012,
            "terraWBoxSquare": 0.0008,
            "terraWBoxSquareBig": 0.0012
        },
        "lighthouse": {
            "WeaponCrate": 0.0004,
            "terraWBoxLong": 0.0008,
            "terraWBoxLongBig": 0.0012,
            "terraWBoxSquare": 0.0008,
            "terraWBoxSquareBig": 0.0012
        },
        "rezervbase": {
            "WeaponCrate": 0.0006,
            "terraWBoxLong": 0.0012,
            "terraWBoxLongBig": 0.002,
            "terraWBoxSquare": 0.0012,
            "terraWBoxSquareBig": 0.002
        },
        "woods": {
            "WeaponCrate": 0.0004,
            "terraWBoxLong": 0.0008,
            "terraWBoxLongBig": 0.0012,
            "terraWBoxSquare": 0.0008,
            "terraWBoxSquareBig": 0.0012
        }
    },
    "68c35c198b8b18c0c707ffa9": {
        "sandbox": {
            "SportBag": 0.0004,
            "PMC_dead": 0.0005,
            "dead_civilian": 0.002,
            "scavDead": 0.0005,
            "suitcase_plastic_lootable": 0.005
        },
        "sandbox_high": {
            "SportBag": 0.0008,
            "PMC_dead": 0.001,
            "dead_civilian": 0.004,
            "scavDead": 0.001,
            "suitcase_plastic_lootable": 0.005
        }
    },
    "68c35c198b8b18c0c707ffaa": {},
    "68c35c198b8b18c0c707ffab": {}
}