{
    "bigmap": {
        "AmmoBox": 0.05,
        "CashRegister": 0.05,
        "Drawer": 0.05,
        "Food&Stuff": 0.05,
        "GrenadeBox": 0.05,
        "Jacket": 0.05,
        "MedBag": 0.05,
        "MedBox": 0.05,
        "PCblock": 0.05,
        "PMC_dead": 0.05,
        "Safe": 0.05,
        "SportBag": 0.05,
        "ToolBox": 0.05,
        "WeaponCrate": 0.05,
        "air_drop_event_new_year": 0.05,
        "barrel_cache": 0.05,
        "jacket_key114_feld": 0.05,
        "jacket_key204": 0.05,
        "jacket_yellow_quest": 0.05,
        "meds&other": 0.05,
        "scavDead": 0.05,
        "terraWBoxLong": 0.05,
        "terraWBoxLongBig": 0.05,
        "terraWBoxSquare": 0.05,
        "terraWBoxSquareBig": 0.05,
        "tools&other": 0.05,
        "wood_cache": 0.05
    },
    "factory4_day": {
        "Drawer": 0.05,
        "GrenadeBox": 0.05,
        "Jacket": 0.05,
        "MedBag": 0.05,
        "PMC_dead": 0.05,
        "Safe": 0.05,
        "SafeBank_terra": 0.05,
        "SportBag": 0.05,
        "ToolBox": 0.05,
        "WeaponCrate": 0.05,
        "scavDead": 0.05,
        "terraWBoxLong": 0.05,
        "terraWBoxLongBig": 0.05,
        "tools&other": 0.05
    },
    "factory4_night": {
        "Drawer": 0.05,
        "GrenadeBox": 0.05,
        "Jacket": 0.05,
        "MedBag": 0.05,
        "PMC_dead": 0.05,
        "Safe": 0.05,
        "SafeBank_terra": 0.05,
        "SportBag": 0.05,
        "ToolBox": 0.05,
        "WeaponCrate": 0.05,
        "scavDead": 0.05,
        "terraWBoxLong": 0.05,
        "terraWBoxLongBig": 0.05,
        "tools&other": 0.05
    },
    "interchange": {
        "AmmoBox": 0.05,
        "CashRegister": 0.05,
        "CashRegisterBig": 0.05,
        "Drawer": 0.05,
        "GrenadeBox": 0.05,
        "Jacket": 0.05,
        "MedBag": 0.05,
        "MedBox": 0.05,
        "PCblock": 0.05,
        "SportBag": 0.05,
        "ToolBox": 0.05,
        "WeaponCrate": 0.05,
        "air_drop_event_new_year": 0.05,
        "barrel_cache": 0.05,
        "scavDead": 0.05,
        "suitcase_plastic_lootable": 0.05,
        "terraWBoxLong": 0.05,
        "terraWBoxLongBig": 0.05,
        "terraWBoxSquare": 0.05,
        "terraWBoxSquareBig": 0.05,
        "wood_cache": 0.05
    },
    "laboratory": {
        "CashRegister": 0.05,
        "Drawer": 0.05,
        "GrenadeBox": 0.05,
        "Jacket": 0.05,
        "MedBag": 0.05,
        "MedBox": 0.05,
        "PCblock": 0.05,
        "PMC_dead": 0.05,
        "Safe": 0.05,
        "SportBag": 0.05,
        "ToolBox": 0.05,
        "dead_civilian": 0.05,
        "suitcase_plastic_lootable": 0.05,
        "terraWBoxLong": 0.05,
        "terraWBoxLongBig": 0.05,
        "terraWBoxSquare": 0.05,
        "terraWBoxSquareBig": 0.05
    },
    "lighthouse": {
        "AmmoBox": 0.05,
        "CashRegister": 0.05,
        "Drawer": 0.05,
        "Food&Stuff": 0.05,
        "GrenadeBox": 0.05,
        "Jacket": 0.05,
        "MedBag": 0.05,
        "MedBag_adv": 0.05,
        "MedBox": 0.05,
        "PCblock": 0.05,
        "Safe": 0.05,
        "SportBag": 0.05,
        "SportBag_adv": 0.05,
        "ToolBox": 0.05,
        "WeaponCrate": 0.05,
        "air_drop_event_new_year": 0.05,
        "barrel_cache": 0.05,
        "scavDead": 0.05,
        "suitcase_plastic_lootable": 0.05,
        "terraWBoxLong": 0.05,
        "terraWBoxLongBig": 0.05,
        "terraWBoxSquare": 0.05,
        "terraWBoxSquareBig": 0.05,
        "tools&other": 0.05,
        "wood_cache": 0.05
    },
    "rezervbase": {
        "AmmoBox": 0.05,
        "Drawer": 0.05,
        "Food&Stuff": 0.05,
        "GrenadeBox": 0.05,
        "Jacket": 0.05,
        "MedBag": 0.05,
        "MedBox": 0.05,
        "PCblock": 0.05,
        "Safe": 0.05,
        "SportBag": 0.05,
        "ToolBox": 0.05,
        "WeaponCrate": 0.05,
        "air_drop_event_new_year": 0.05,
        "meds&other": 0.05,
        "scavDead": 0.05,
        "terraWBoxLong": 0.05,
        "terraWBoxLongBig": 0.05,
        "terraWBoxSquare": 0.05,
        "terraWBoxSquareBig": 0.05,
        "tools&other": 0.05
    },
    "sandbox": {
        "AmmoBox": 0.05,
        "CashRegister": 0.05,
        "Drawer": 0.05,
        "Food&Stuff": 0.05,
        "GrenadeBox": 0.05,
        "Jacket": 0.05,
        "MedBag": 0.05,
        "MedBox": 0.05,
        "PCblock": 0.05,
        "PMC_dead": 0.05,
        "Safe": 0.05,
        "SportBag": 0.05,
        "ToolBox": 0.05,
        "WeaponCrate": 0.05,
        "dead_civilian": 0.05,
        "meds&other": 0.05,
        "scavDead": 0.05,
        "scavDead_flaregun": 0.05,
        "scavDead_laborant": 0.05,
        "suitcase_plastic_lootable": 0.05,
        "terraWBoxLong": 0.05,
        "terraWBoxLongBig": 0.05,
        "terraWBoxSquare": 0.05,
        "terraWBoxSquareBig": 0.05,
        "tools&other": 0.05
    },
    "sandbox_high": {
        "AmmoBox": 0.05,
        "CashRegister": 0.05,
        "Drawer": 0.05,
        "Food&Stuff": 0.05,
        "GrenadeBox": 0.05,
        "Jacket": 0.05,
        "MedBag": 0.05,
        "MedBox": 0.05,
        "PCblock": 0.05,
        "PMC_dead": 0.05,
        "Safe": 0.05,
        "SportBag": 0.05,
        "ToolBox": 0.05,
        "WeaponCrate": 0.05,
        "dead_civilian": 0.05,
        "meds&other": 0.05,
        "scavDead": 0.05,
        "scavDead_flaregun": 0.05,
        "scavDead_laborant": 0.05,
        "suitcase_plastic_lootable": 0.05,
        "terraWBoxLong": 0.05,
        "terraWBoxLongBig": 0.05,
        "terraWBoxSquare": 0.05,
        "terraWBoxSquareBig": 0.05,
        "tools&other": 0.05
    },
    "shoreline": {
        "AmmoBox": 0.05,
        "CashRegister": 0.05,
        "Drawer": 0.05,
        "Food&Stuff": 0.05,
        "GrenadeBox": 0.05,
        "Jacket": 0.05,
        "MedBag": 0.05,
        "MedBox": 0.05,
        "PCblock": 0.05,
        "Safe": 0.05,
        "SportBag": 0.05,
        "ToolBox": 0.05,
        "WeaponCrate": 0.05,
        "air_drop_event_new_year": 0.05,
        "barrel_cache": 0.05,
        "meds&other": 0.05,
        "scavDead": 0.05,
        "suitcase_plastic_lootable": 0.05,
        "terraWBoxLong": 0.05,
        "terraWBoxLongBig": 0.05,
        "terraWBoxSquare": 0.05,
        "terraWBoxSquareBig": 0.05,
        "wood_cache": 0.05
    },
    "tarkovstreets": {
        "AmmoBox": 0.05,
        "CashRegister": 0.05,
        "CashRegisterBank": 0.05,
        "CashRegisterBig": 0.05,
        "Drawer": 0.05,
        "Food&Stuff": 0.05,
        "GrenadeBox": 0.05,
        "Jacket": 0.05,
        "MedBag": 0.05,
        "MedBox": 0.05,
        "PCblock": 0.05,
        "Safe": 0.05,
        "SafeBank": 0.05,
        "SportBag": 0.05,
        "ToolBox": 0.05,
        "WeaponCrate": 0.05,
        "barrel_cache": 0.05,
        "meds&other": 0.05,
        "scavDead": 0.05,
        "suitcase_plastic_lootable": 0.05,
        "terraWBoxLong": 0.05,
        "terraWBoxLongBig": 0.05,
        "terraWBoxSquare": 0.05,
        "terraWBoxSquareBig": 0.05,
        "tools&other": 0.05
    },
    "woods": {
        "AmmoBox": 0.05,
        "Drawer": 0.05,
        "Food&Stuff": 0.05,
        "GrenadeBox": 0.05,
        "Jacket": 0.05,
        "MedBag": 0.05,
        "PCblock": 0.05,
        "PMC_dead": 0.05,
        "Safe": 0.05,
        "SportBag": 0.05,
        "ToolBox": 0.05,
        "WeaponCrate": 0.05,
        "air_drop_event_new_year": 0.05,
        "barrel_cache": 0.05,
        "boss_container": 0.05,
        "dead_civilian": 0.05,
        "meds&other": 0.05,
        "scavDead": 0.05,
        "terraWBoxLong": 0.05,
        "terraWBoxLongBig": 0.05,
        "terraWBoxSquare": 0.05,
        "terraWBoxSquareBig": 0.05,
        "tools&other": 0.05,
        "wood_cache": 0.05
    }
}